Rank	City	Cost of Living Index	Rent Index	Cost of Living Plus Rent Index	Groceries Index	Restaurant Price Index	Local Purchasing Power Index
1	Hamilton, Bermuda	146.33	89.06	118.97	153.30	145.37	91.24
2	Basel, Switzerland	136.65	50.09	95.29	137.05	133.81	100.65
3	Zurich, Switzerland	135.49	70.22	104.30	135.14	132.51	117.91
4	Lausanne, Switzerland	132.86	57.85	97.02	135.56	130.78	104.40
5	Geneva, Switzerland	131.75	70.07	102.28	133.24	127.96	109.73
6	Lugano, Switzerland	128.44	44.12	88.16	127.73	122.74	106.68
7	Bern, Switzerland	126.19	45.97	87.86	121.12	120.68	117.38
8	Tromso, Norway	113.15	37.86	77.18	109.80	115.53	74.44
9	Stavanger, Norway	107.95	37.01	74.05	99.85	113.63	79.16
10	Trondheim, Norway	107.13	38.63	74.40	101.90	105.88	78.31
11	Oslo, Norway	106.12	44.87	76.86	100.81	111.01	82.70
12	Bergen, Norway	104.07	35.42	71.27	95.75	106.40	86.50
13	New York, NY, United States	100.00	100.00	100.00	100.00	100.00	100.00
14	Reykjavik, Iceland	98.75	48.32	74.66	89.32	111.03	69.81
15	Nagoya, Japan	97.94	64.40	81.92	108.10	47.06	47.68
16	Copenhagen, Denmark	97.49	51.91	75.71	77.35	109.23	84.96
17	Honolulu, HI, United States	95.92	65.58	81.42	101.64	83.10	76.42
18	Arhus, Denmark	95.04	35.65	66.66	75.57	104.42	86.46
19	Paris, France	94.23	51.78	73.95	91.62	87.63	69.34
20	Tel Aviv-Yafo, Israel	93.64	46.84	71.28	82.54	98.02	63.85
21	San Francisco, CA, United States	93.35	109.35	100.99	93.50	90.85	126.95
22	Aalborg, Denmark	93.24	26.98	61.59	80.96	104.15	102.47
23	Anchorage, AK, United States	92.21	37.63	66.13	95.29	75.02	107.68
24	Tokyo, Japan	91.34	42.85	68.17	96.42	51.30	76.36
25	Luxembourg, Luxembourg	89.65	63.28	77.05	81.99	94.96	100.48
26	Oakland, CA, United States	89.59	84.14	86.98	94.96	74.55	92.30
27	Seattle, WA, United States	89.48	68.70	79.55	85.59	88.10	121.20
28	Boston, MA, United States	89.29	77.45	83.64	90.00	90.71	99.43
29	Darwin, Australia	89.14	34.63	63.09	88.51	86.74	112.09
30	Sydney, Australia	89.11	62.66	76.47	82.04	75.54	96.30
31	Nassau, Bahamas	88.84	37.40	64.27	76.24	89.42	44.89
32	Seoul, South Korea	88.37	32.77	61.80	111.69	48.00	69.85
33	Queens, NY, United States	87.99	75.71	82.12	78.91	87.15	112.09
34	Stockholm, Sweden	87.49	42.09	65.80	77.77	89.59	80.77
35	Valletta, Malta	86.93	45.86	67.31	74.11	91.13	29.77
36	Amsterdam, Netherlands	86.80	59.25	73.63	65.84	93.99	79.07
37	London, United Kingdom	86.75	72.24	79.82	64.38	89.71	80.12
38	Newcastle, Australia	86.26	42.52	65.36	80.53	85.49	110.04
39	Dublin, Ireland	86.01	66.33	76.61	71.21	84.51	67.67
40	Cork, Ireland	85.85	44.81	66.24	72.39	87.06	72.36
41	Singapore, Singapore	85.59	64.77	75.64	75.31	62.07	83.62
42	Osaka, Japan	85.53	24.49	56.36	87.72	49.48	77.99
43	Antibes, France	85.01	34.76	61.00	75.90	80.46	81.37
44	Odense, Denmark	84.97	30.52	58.96	67.21	98.68	86.89
45	Uppsala, Sweden	84.94	29.55	58.48	77.92	81.07	79.90
46	Haifa, Israel	84.84	22.59	55.10	69.80	89.61	76.74
47	Auckland, New Zealand	84.82	44.20	65.41	81.43	70.65	81.69
48	Brisbane, Australia	84.71	38.01	62.40	82.90	79.70	96.93
49	Perth, Australia	84.64	32.74	59.84	77.98	78.28	99.43
50	Canberra, Australia	84.60	45.39	65.87	84.29	83.79	94.90
51	Washington, DC, United States	84.39	76.72	80.72	81.65	81.48	112.51
52	Dubrovnik, Croatia	84.29	26.59	56.73	79.41	82.93	31.89
53	Utrecht, Netherlands	84.26	45.91	65.94	64.40	90.40	74.55
54	Jerusalem, Israel	84.23	35.92	61.15	68.47	93.48	66.15
55	Galway, Ireland	84.21	40.03	63.10	70.33	81.86	73.27
56	Milan, Italy	83.65	46.28	65.79	72.22	84.31	50.71
57	Beirut, Lebanon	83.64	25.44	55.83	82.09	72.25	24.92
58	Jersey City, NJ, United States	83.54	62.70	73.58	85.06	70.71	114.87
59	Gold Coast, Australia	83.45	42.06	63.67	78.55	85.64	101.30
60	Breda, Netherlands	82.80	32.20	58.62	61.78	91.86	87.08
61	Bend, OR, United States	82.78	40.93	62.79	90.11	72.18	83.64
62	Eindhoven, Netherlands	82.62	39.51	62.02	64.35	84.43	85.29
63	Minneapolis, MN, United States	82.47	43.90	64.04	81.22	78.67	111.91
64	Melbourne, Australia	82.43	43.93	64.04	83.31	70.38	101.47
65	Lyon, France	82.31	28.87	56.78	78.74	73.18	73.03
66	Nice, France	82.04	37.48	60.75	74.76	80.59	67.43
67	Strasbourg, France	82.01	26.35	55.42	76.09	71.71	74.02
68	Munich, Germany	82.01	48.61	66.05	67.17	78.26	90.73
69	Los Angeles, CA, United States	81.92	74.12	78.19	79.26	89.11	98.51
70	Fremont, CA, United States	81.77	74.04	78.08	80.17	84.16	121.55
71	Helsinki, Finland	81.43	39.00	61.16	70.02	90.16	82.88
72	Fort Lauderdale, FL, United States	81.32	55.84	69.15	90.86	75.33	97.73
73	Oulu, Finland	81.08	21.73	52.72	79.55	73.43	87.59
74	Brighton, United Kingdom	81.04	44.22	63.45	60.64	88.74	73.65
75	Peterborough, United Kingdom	81.03	25.45	54.48	78.67	69.71	58.27
76	Gothenburg, Sweden	81.02	35.26	59.15	72.68	86.85	84.65
77	Milwaukee, WI, United States	80.96	36.07	59.51	87.79	66.61	77.38
78	Haarlem, Netherlands	80.84	53.53	67.79	61.08	81.23	79.66
79	Hamilton, New Zealand	80.78	29.60	56.33	77.63	74.76	75.84
80	Leiden, Netherlands	80.78	36.76	59.75	61.43	86.12	77.21
81	Rennes, France	80.70	21.58	52.46	84.07	67.39	67.23
82	Linz, Austria	80.69	28.39	55.70	72.66	80.71	71.38
83	Christchurch, New Zealand	80.67	32.61	57.71	75.81	76.95	82.38
84	Groningen, Netherlands	80.61	28.79	55.85	61.72	81.21	80.98
85	Adelaide, Australia	80.40	32.89	57.70	81.56	68.93	100.23
86	Lund, Sweden	80.38	30.31	56.46	72.85	87.18	101.78
87	Chicago, IL, United States	80.38	57.72	69.55	75.85	76.36	106.32
88	Charleston, SC, United States	80.24	50.19	65.89	82.04	74.62	97.35
89	San Diego, CA, United States	80.22	67.85	74.31	80.28	78.70	112.72
90	Hong Kong, Hong Kong	79.94	74.24	77.22	81.73	58.60	62.45
91	Montpellier, France	79.86	25.06	53.68	77.05	72.24	58.18
92	Genoa, Italy	79.71	20.37	51.36	73.86	74.43	52.46
93	Pittsburgh, PA, United States	79.69	37.64	59.60	83.01	63.23	100.30
94	Salem, OR, United States	79.66	34.10	57.89	86.59	61.37	84.20
95	Saint Paul, MN, United States	79.61	42.58	61.92	79.30	73.95	100.01
96	Turku, Finland	79.55	24.36	53.18	68.83	84.06	96.28
97	Tampa, FL, United States	79.53	42.39	61.78	85.48	69.80	104.10
98	Graz, Austria	79.47	23.12	52.55	74.51	63.24	74.18
99	Antwerp, Belgium	79.41	26.64	54.20	66.84	90.13	78.49
100	Grenoble, France	79.22	22.86	52.29	76.09	74.39	70.31
101	Irvine, CA, United States	79.21	69.90	74.76	72.42	79.58	126.46
102	Philadelphia, PA, United States	79.12	47.60	64.06	79.86	68.59	85.04
103	Maastricht, Netherlands	79.10	37.37	59.17	60.66	83.53	78.53
104	Bergamo, Italy	79.06	21.55	51.58	71.17	78.94	58.42
105	Brescia, Italy	79.06	19.46	50.58	74.04	78.89	57.76
106	Brussels, Belgium	79.05	33.77	57.42	67.84	85.03	86.65
107	Leuven, Belgium	78.90	27.99	54.58	68.70	81.43	79.77
108	Nijmegen, Netherlands	78.89	34.48	57.67	61.44	82.49	103.33
109	Sliema, Malta	78.88	36.00	58.39	68.48	86.97	41.52
110	Rome, Italy	78.79	37.28	58.96	67.41	78.05	49.38
111	Toulouse, France	78.72	24.05	52.60	75.95	76.38	81.31
112	Portland, OR, United States	78.68	48.59	64.30	77.52	70.55	100.70
113	Salzburg, Austria	78.56	33.62	57.09	76.10	69.76	74.78
114	San Jose, CA, United States	78.55	82.92	80.64	74.99	78.75	131.28
115	Hobart, Australia	78.50	38.75	59.51	75.15	72.10	104.38
116	Malmo, Sweden	78.48	29.17	54.92	72.31	77.61	86.27
117	Wellington, New Zealand	78.47	43.79	61.90	74.79	69.01	96.54
118	Rotterdam, Netherlands	78.24	43.00	61.40	60.80	75.75	82.17
119	Miami, FL, United States	78.14	60.17	69.55	75.30	73.89	84.06
120	Limerick, Ireland	77.95	37.90	58.81	66.34	73.12	67.70
121	Espoo, Finland	77.81	32.11	55.98	67.53	81.76	102.49
122	Tampere, Finland	77.46	26.69	53.21	65.64	81.36	86.60
123	Gent, Belgium	77.42	26.96	53.31	66.23	79.49	74.49
124	Parma, Italy	77.22	22.44	51.04	59.33	90.54	58.65
125	Bologna, Italy	77.02	28.60	53.89	70.16	78.54	54.46
126	Kingston, Canada	76.96	29.83	54.44	83.89	60.70	68.34
127	Sacramento, CA, United States	76.73	47.41	62.73	75.18	68.26	101.99
128	Surrey, Canada	76.59	41.06	59.62	80.92	65.56	93.17
129	Burnaby, Canada	76.51	45.93	61.90	76.24	72.31	82.28
130	Guildford, United Kingdom	76.35	49.77	63.65	63.06	71.27	75.71
131	Bellingham, WA, United States	76.32	41.70	59.78	77.95	63.68	82.94
132	Nantes, France	76.28	23.32	50.98	72.40	66.12	69.09
133	Vancouver, Canada	76.22	52.09	64.69	78.57	71.80	92.47
134	Atlanta, GA, United States	76.22	49.44	63.42	76.96	64.35	120.43
135	Birmingham, AL, United States	76.21	28.56	53.45	76.84	68.52	83.72
136	Halifax, Canada	76.15	33.14	55.60	82.41	63.92	80.54
137	Saint John's, Canada	76.14	21.53	50.05	75.73	67.80	58.08
138	Edinburgh, United Kingdom	75.96	36.27	57.00	60.46	87.86	78.27
139	Everett, WA, United States	75.93	44.88	61.10	73.46	84.23	97.83
140	Florence, Italy	75.87	32.12	54.97	65.53	78.00	51.97
141	Fredericton, Canada	75.87	23.04	50.63	77.00	69.72	77.14
142	Reading, United Kingdom	75.73	41.41	59.33	67.89	68.82	110.46
143	Toronto, Canada	75.69	51.24	64.01	69.38	76.36	85.21
144	Cleveland, OH, United States	75.64	39.21	58.24	77.65	68.39	79.05
145	Frankfurt, Germany	75.63	40.79	58.98	53.96	71.22	103.25
146	Lille, France	75.62	28.57	53.14	69.91	68.89	71.62
147	York, United Kingdom	75.48	31.62	54.53	62.79	77.99	70.76
148	Cambridge, United Kingdom	75.48	44.05	60.46	58.60	83.18	73.91
149	New Orleans, LA, United States	75.29	41.47	59.13	69.84	76.35	83.91
150	Heidelberg, Germany	75.29	33.39	55.27	52.03	80.69	87.76
151	Bristol, United Kingdom	75.28	38.81	57.86	58.35	83.31	72.89
152	Delft, Netherlands	75.23	31.68	54.42	61.13	71.85	95.41
153	Trieste, Italy	75.19	18.57	48.14	69.57	71.31	63.88
154	Enschede, Netherlands	75.10	27.21	52.22	62.07	79.80	87.37
155	Marseille, France	74.92	24.66	50.91	68.76	73.92	63.33
156	Milton Keynes, United Kingdom	74.90	35.32	55.99	61.62	73.46	72.11
157	Aberdeen, United Kingdom	74.79	26.59	51.76	60.34	81.65	96.98
158	Bonn, Germany	74.49	32.51	54.43	52.01	78.24	102.59
159	Hamburg, Germany	74.46	36.67	56.41	59.03	65.76	81.95
160	Augsburg, Germany	74.43	29.37	52.90	57.04	74.08	87.77
161	Swansea, United Kingdom	74.30	22.24	49.42	59.17	79.25	85.59
162	Ann Arbor, MI, United States	74.25	49.36	62.36	75.83	63.23	113.42
163	Verona, Italy	74.17	22.79	49.62	64.36	70.87	63.98
164	Denver, CO, United States	73.96	53.06	63.98	66.91	75.83	117.39
165	Colorado Springs, CO, United States	73.90	36.44	56.01	74.67	68.50	102.90
166	Mannheim, Germany	73.77	23.01	49.52	53.23	71.16	87.30
167	Red Deer, Canada	73.76	22.26	49.15	72.35	65.17	109.51
168	Calgary, Canada	73.65	30.79	53.17	68.87	70.90	113.16
169	Spokane, WA, United States	73.50	29.66	52.55	70.58	72.27	88.99
170	Long Beach, CA, United States	73.43	56.12	65.16	77.76	67.76	106.23
171	Turin, Italy	73.37	22.67	49.15	61.97	77.05	58.53
172	Swindon, United Kingdom	73.35	28.58	51.96	56.29	72.79	74.69
173	Oxford, United Kingdom	73.33	50.53	62.44	59.61	73.50	80.16
174	Baltimore, MD, United States	73.33	44.09	59.36	70.71	73.08	102.72
175	Columbus, OH, United States	73.13	33.00	53.96	72.22	68.60	122.05
176	Portsmouth, United Kingdom	73.09	32.67	53.78	59.22	84.94	74.38
177	Erlangen, Germany	73.02	25.39	50.26	55.19	72.45	105.46
178	Buffalo, NY, United States	72.95	27.91	51.43	71.92	64.35	94.89
179	Nuremberg, Germany	72.81	26.61	50.74	59.99	62.52	105.07
180	Edmonton, Canada	72.74	27.60	51.18	68.13	71.44	101.79
181	Cologne, Germany	72.68	31.61	53.06	53.27	67.84	88.35
182	Charlotte, NC, United States	72.66	46.07	59.96	67.66	70.95	120.00
183	Victoria, Canada	72.64	41.62	57.82	76.19	64.45	87.61
184	The Hague (Den Haag), Netherlands	72.55	36.25	55.21	60.26	69.72	92.65
185	Berlin, Germany	72.52	34.86	54.53	59.73	62.52	88.21
186	Manchester, United Kingdom	72.50	33.05	53.65	58.96	85.00	87.46
187	Albany, NY, United States	72.50	34.61	54.40	66.96	79.43	108.57
188	Stuttgart, Germany	72.49	36.85	55.46	56.47	72.26	94.82
189	Lincoln, United Kingdom	72.46	22.96	48.81	59.76	82.45	90.47
190	Dusseldorf, Germany	72.35	30.93	52.56	53.33	69.83	89.78
191	Nottingham, United Kingdom	72.35	24.98	49.72	61.92	70.88	75.96
192	Olympia, WA, United States	72.30	40.46	57.09	71.02	68.87	110.51
193	Mississauga, Canada	72.16	45.28	59.32	68.58	60.93	85.26
194	Nashville, TN, United States	72.15	47.05	60.16	66.63	75.55	112.53
195	Ottawa, Canada	72.15	38.87	56.25	67.67	72.88	87.41
196	Rochester, NY, United States	72.12	29.29	51.66	69.58	70.12	99.37
197	Plymouth, United Kingdom	72.06	24.27	49.23	55.85	77.52	76.29
198	Southampton, United Kingdom	71.94	31.74	52.73	57.15	74.19	88.85
199	Coventry, United Kingdom	71.91	29.19	51.50	63.82	66.98	95.98
200	Regina, Canada	71.80	28.18	50.96	73.20	64.62	95.96
201	Mobile, AL, United States	71.77	25.77	49.79	73.77	64.33	92.75
202	San Juan, Puerto Rico	71.74	28.54	51.10	74.00	66.21	72.94
203	Saskatoon, Canada	71.69	26.28	50.00	67.77	63.23	92.41
204	Derby, United Kingdom	71.66	21.22	47.56	57.27	73.46	88.81
205	Dortmund, Germany	71.54	21.98	47.86	55.50	63.93	114.69
206	Winnipeg, Canada	71.45	25.89	49.68	69.81	65.18	92.69
207	Riverside, CA, United States	71.42	45.05	58.82	67.94	69.87	95.46
208	Exeter, United Kingdom	71.39	28.97	51.12	52.75	75.57	86.75
209	Macao, Macao	71.35	42.87	57.74	70.11	50.29	66.13
210	Vienna, Austria	71.31	34.11	53.54	61.19	67.15	87.36
211	Raleigh, NC, United States	71.18	37.47	55.07	74.44	70.39	124.39
212	Omaha, NE, United States	71.00	30.17	51.49	69.86	61.49	106.87
213	Guelph, Canada	70.80	32.80	52.64	65.86	76.68	83.20
214	Birmingham, United Kingdom	70.79	30.43	51.50	56.83	69.19	74.70
215	Nanaimo, BC, Canada	70.77	31.05	51.79	72.23	67.40	59.48
216	Brampton, Canada	70.69	39.89	55.97	66.33	59.34	82.16
217	Freiburg im Breisgau, Germany	70.48	39.73	55.79	53.55	68.77	88.07
218	Norwich, United Kingdom	70.45	26.51	49.45	57.02	73.39	78.69
219	Dundee, United Kingdom	70.37	21.66	47.09	59.85	75.72	84.40
220	Coquitlam, Canada	70.26	44.70	58.05	67.81	70.30	72.51
221	Vancouver, WA, United States	70.16	40.27	55.88	67.75	66.06	114.12
222	Limassol, Cyprus	70.00	31.11	51.42	55.21	77.31	48.94
223	North Vancouver, Canada	69.91	53.29	61.97	69.15	67.36	120.86
224	Liverpool, United Kingdom	69.83	25.29	48.55	54.26	79.07	82.19
225	Padova, Italy	69.81	22.57	47.24	55.20	70.53	65.71
226	Detroit, MI, United States	69.73	41.76	56.37	67.43	66.10	72.63
227	Cardiff, United Kingdom	69.56	27.08	49.26	58.50	65.00	90.52
228	Jacksonville, FL, United States	69.47	34.17	52.60	74.37	65.61	110.90
229	Orlando, FL, United States	69.38	40.67	55.66	66.15	70.27	96.75
230	Dresden, Germany	69.34	24.45	47.89	52.36	63.36	94.22
231	Glasgow, United Kingdom	69.15	26.98	49.00	56.32	74.52	92.38
232	Las Vegas, NV, United States	68.92	37.10	53.72	60.38	74.89	109.90
233	Kansas City, MO, United States	68.86	30.84	50.69	63.87	67.91	113.55
234	Nicosia, Cyprus	68.78	20.77	45.84	58.21	69.29	57.01
235	Madison, WI, United States	68.69	37.25	53.67	67.43	65.28	113.23
236	Karlsruhe, Germany	68.65	26.16	48.35	51.70	63.75	98.22
237	Montreal, Canada	68.65	29.87	50.12	71.74	61.48	85.11
238	Fort Worth, TX, United States	68.59	34.64	52.37	62.02	69.44	117.85
239	Cagliari, Italy	68.48	20.26	45.44	62.83	63.76	57.93
240	Leicester, United Kingdom	68.46	24.08	47.26	54.58	70.03	82.70
241	Hamilton, Canada	68.41	31.41	50.73	66.54	60.92	79.72
242	Darmstadt, Germany	68.38	28.77	49.46	54.38	60.42	107.47
243	Hanover, Germany	68.32	26.21	48.20	51.81	64.53	97.84
244	Richmond, VA, United States	68.31	36.52	53.12	65.01	72.14	106.27
245	Saint Louis, MO, United States	68.23	32.68	51.24	68.53	60.36	120.26
246	Naples, Italy	67.94	21.70	45.85	59.04	58.68	50.23
247	Fresno, CA, United States	67.74	32.93	51.11	63.10	63.43	107.47
248	Stoke-on-Trent, United Kingdom	67.70	16.75	43.36	50.68	67.43	82.74
249	Louisville, KY, United States	67.64	33.86	51.50	64.62	75.60	113.19
250	Des Moines, IA, United States	67.63	30.09	49.69	68.78	60.02	109.27
251	Sheffield, United Kingdom	67.55	26.50	47.94	58.82	63.74	82.65
252	Lincoln, NE, United States	67.51	26.94	48.13	67.89	66.03	104.84
253	Bremen, Germany	67.49	25.01	47.20	51.91	63.50	80.96
254	Bilbao, Spain	67.49	29.18	49.18	57.71	64.82	58.65
255	Newcastle upon Tyne, United Kingdom	67.48	25.24	47.30	55.80	69.18	88.08
256	Reno, NV, United States	67.38	40.67	54.62	67.42	66.88	116.18
257	Quebec City, Canada	67.37	19.70	44.60	69.91	58.82	92.31
258	Eugene, OR, United States	67.32	34.03	51.42	73.69	55.54	92.58
259	Essen, Germany	67.30	22.37	45.83	50.88	68.97	95.43
260	Taipei, Taiwan	67.20	23.75	46.44	81.67	31.42	57.79
261	Tucson, AZ, United States	67.18	26.54	47.76	62.75	63.21	94.90
262	Dubai, United Arab Emirates	66.95	50.72	59.20	51.21	71.52	84.02
263	Bournemouth, United Kingdom	66.84	33.15	50.74	48.67	73.45	83.71
264	Kelowna, Canada	66.83	35.65	51.93	62.15	63.69	86.36
265	London, Canada	66.78	30.53	49.46	62.51	64.75	99.67
266	Phoenix, AZ, United States	66.73	38.64	53.31	60.82	65.65	115.89
267	Knoxville, TN, United States	66.65	33.63	50.88	71.72	59.77	98.01
268	Kitchener, Canada	66.46	31.05	49.54	60.01	69.28	80.02
269	Aachen, Germany	66.32	22.53	45.40	51.91	54.38	106.40
270	Baton Rouge, LA, United States	66.25	32.38	50.07	63.06	69.48	86.43
271	Barcelona, Spain	66.18	33.92	50.76	54.13	65.73	56.46
272	Houston, TX, United States	66.11	41.83	54.51	62.46	67.17	135.77
273	Belfast, United Kingdom	65.82	26.00	46.80	56.86	71.10	84.20
274	Leipzig, Germany	65.80	23.29	45.49	49.66	57.53	76.65
275	Leeds, United Kingdom	65.79	29.69	48.54	52.97	71.28	89.29
276	Windsor, Canada	65.75	26.45	46.97	59.57	68.69	74.14
277	Madrid, Spain	65.71	34.91	50.99	53.73	66.15	61.15
278	Kingston upon Hull, United Kingdom	65.62	22.83	45.18	49.89	67.23	81.07
279	Indianapolis, IN, United States	65.62	30.69	48.93	63.76	61.82	120.19
280	Akron, OH, United States	65.58	20.95	44.26	70.62	48.18	100.24
281	Albuquerque, NM, United States	65.48	27.18	47.18	66.14	65.09	104.06
282	Zadar, Croatia	65.35	22.79	45.01	55.95	63.84	36.48
283	Huntsville, AL, United States	64.98	29.99	48.26	66.30	57.92	113.60
284	Dallas, TX, United States	64.80	47.90	56.72	57.82	65.36	141.09
285	Oklahoma City, OK, United States	64.61	31.79	48.93	66.73	54.11	110.09
286	San Antonio, TX, United States	64.61	37.74	51.77	58.77	69.76	104.38
287	Markham, Canada	64.61	43.33	54.44	55.33	64.98	103.76
288	Doha, Qatar	64.14	46.83	55.87	56.61	62.71	89.04
289	Salt Lake City, UT, United States	63.89	37.87	51.46	60.00	61.38	126.02
290	Chattanooga, TN, United States	63.82	35.49	50.28	63.86	55.15	92.97
291	Cincinnati, OH, United States	63.64	36.26	50.56	61.68	58.96	111.12
292	Boise, ID, United States	63.30	36.52	50.51	57.81	66.73	96.98
293	Tulsa, OK, United States	63.11	28.16	46.41	63.68	55.85	111.55
294	Austin, TX, United States	63.04	50.35	56.98	61.38	65.30	129.63
295	Larnaca, Cyprus	62.97	20.66	42.75	52.88	55.89	48.67
296	Catania, Italy	62.95	18.50	41.72	47.02	63.74	60.01
297	Little Rock, AR, United States	62.89	25.79	45.17	59.46	68.00	122.19
298	Thessaloniki, Greece	62.86	13.75	39.40	48.16	59.47	34.59
299	Kaohsiung, Taiwan	62.82	12.56	38.81	76.09	27.53	59.16
300	Memphis, TN, United States	62.67	29.36	46.76	55.16	66.26	97.76
301	Ljubljana, Slovenia	62.56	23.19	43.75	53.17	55.45	55.30
302	Palma de Mallorca, Spain	62.48	31.53	47.69	49.07	70.19	55.02
303	Bari, Italy	62.06	18.75	41.37	51.62	67.49	64.84
304	Wichita, KS, United States	61.09	23.86	43.30	55.91	58.91	105.16
305	Heraklion, Greece	61.01	14.45	38.77	46.76	47.60	40.93
306	Athens, Greece	60.99	16.32	39.64	48.19	58.99	41.36
307	Zaragoza (Saragossa), Spain	60.82	19.51	41.09	52.80	58.35	66.71
308	Palermo, Italy	60.77	16.25	39.50	48.41	50.35	59.12
309	Patras, Greece	60.46	10.13	36.41	46.10	44.92	43.51
310	Lexington, KY, United States	60.25	26.90	44.32	61.16	54.73	121.58
311	Granada, Spain	60.21	17.56	39.83	48.73	53.36	56.47
312	Abu Dhabi, United Arab Emirates	59.76	44.20	52.33	49.83	57.19	91.13
313	Makati, Philippines	59.45	27.33	44.10	67.90	29.02	19.59
314	Port of Spain, Trinidad And Tobago	59.43	19.19	40.21	52.20	67.50	37.16
315	Tallinn, Estonia	59.20	18.86	39.92	44.92	61.01	60.15
316	Addis Ababa, Ethiopia	58.92	15.40	38.13	38.54	20.60	10.29
317	Panama City, Panama	58.57	26.16	43.09	58.39	56.26	31.02
318	Manama, Bahrain	58.20	29.10	44.30	46.34	52.49	49.13
319	Split, Croatia	57.98	17.26	38.53	50.93	49.17	37.13
320	Seville (Sevilla), Spain	57.28	22.64	40.73	51.51	46.76	62.78
321	Alicante, Spain	56.95	19.63	39.12	46.79	54.61	76.28
322	Malaga, Spain	56.90	26.09	42.18	46.05	54.68	64.49
323	Tartu, Estonia	56.67	15.17	36.85	45.75	56.78	58.40
324	Rijeka, Croatia	56.57	11.71	35.14	48.96	52.36	41.51
325	Santa Cruz de Tenerife, Spain	56.05	20.41	39.02	47.34	56.58	56.20
326	Maribor, Slovenia	56.00	13.94	35.90	47.37	41.05	66.50
327	Murcia, Spain	55.94	16.62	37.16	47.34	50.82	69.99
328	Abidjan, Ivory Coast	55.73	24.40	40.76	47.72	34.57	7.03
329	Paphos, Cyprus	55.45	15.66	36.44	45.81	46.44	55.80
330	Bangkok, Thailand	55.44	25.64	41.20	55.42	26.27	29.56
331	Riga, Latvia	55.43	15.88	36.53	42.08	52.29	46.71
332	Valencia, Spain	55.41	24.48	40.63	46.04	50.21	69.24
333	Havana, Cuba	55.34	15.32	36.22	44.76	35.11	1.48
334	Funchal, Portugal	55.34	19.56	38.24	42.56	42.16	48.14
335	Kingston, Jamaica	55.13	16.87	36.85	57.22	33.66	31.67
336	Ajman, United Arab Emirates	55.09	30.15	43.18	42.45	60.27	45.62
337	Lisbon, Portugal	54.96	31.90	43.94	42.15	47.33	46.93
338	Amman, Jordan	54.81	10.92	33.84	44.39	48.87	31.36
339	El Paso, TX, United States	54.49	22.64	39.27	55.02	41.96	119.38
340	Porto, Portugal	54.26	25.82	40.67	44.40	44.14	39.79
341	Zagreb, Croatia	54.06	17.28	36.49	45.10	46.09	49.57
342	Braga, Portugal	53.42	18.60	36.78	45.53	38.40	47.85
343	Riyadh, Saudi Arabia	52.72	14.02	34.23	42.91	38.68	86.23
344	Bratislava, Slovakia	52.69	23.11	38.56	43.87	46.06	59.05
345	Sharjah, United Arab Emirates	52.63	24.18	39.04	41.87	41.19	79.88
346	Coimbra, Portugal	52.51	17.18	35.63	44.28	44.94	47.08
347	Prague, Czech Republic	52.43	27.18	40.37	44.59	39.72	59.96
348	Shanghai, China	52.41	39.74	46.36	56.44	37.91	55.93
349	Harare, Zimbabwe	52.33	10.13	32.17	43.21	43.23	19.78
350	Muscat, Oman	52.31	19.04	36.41	48.95	46.09	90.26
351	San Jose, Costa Rica	52.08	16.31	34.99	50.32	41.91	44.07
352	Pattaya, Thailand	52.00	17.15	35.35	53.37	31.25	20.08
353	Jeddah (Jiddah), Saudi Arabia	51.65	10.71	32.09	41.78	33.53	72.68
354	Klaipeda, Lithuania	51.09	11.53	32.19	39.43	46.07	54.58
355	Paramaribo, Suriname	51.00	10.30	31.55	50.39	58.51	17.54
356	Phuket, Thailand	50.95	17.43	34.94	51.06	31.32	31.14
357	Shenzhen, China	50.82	27.74	39.79	55.26	35.67	54.71
358	Montevideo, Uruguay	50.63	14.20	33.22	41.41	45.33	31.99
359	Santiago, Chile	50.62	15.67	33.92	42.54	48.49	33.23
360	Aveiro, Portugal	50.59	17.49	34.78	41.86	38.21	49.84
361	Kosice, Slovakia	50.35	17.50	34.65	41.15	42.09	51.82
362	Brno, Czech Republic	49.71	20.10	35.56	42.71	38.73	60.05
363	Kuwait City, Kuwait	49.37	31.79	40.97	36.64	44.88	65.32
364	Ad Dammam, Saudi Arabia	49.22	14.92	32.84	42.00	31.56	81.66
365	Phnom Penh, Cambodia	49.07	17.00	33.75	51.19	24.82	14.53
366	Vilnius, Lithuania	48.79	17.71	33.94	37.34	50.79	58.90
367	Wuhan, China	48.55	10.96	30.59	59.57	27.27	39.64
368	Beijing, China	47.82	36.58	42.45	47.72	35.73	56.38
369	Chiang Mai, Thailand	47.24	13.77	31.25	52.61	22.82	33.69
370	Kaunas, Lithuania	47.22	13.59	31.15	37.64	43.94	55.71
371	San Salvador, El Salvador	46.75	14.40	31.29	45.86	33.52	20.98
372	Warsaw, Poland	46.70	25.67	36.65	37.24	42.20	52.04
373	Osijek, Croatia	46.61	9.96	29.10	38.84	33.94	52.99
374	Olomouc, Czech Republic	46.56	14.28	31.14	41.90	30.76	59.95
375	Chengdu, China	46.44	10.61	29.32	55.47	24.60	49.54
376	Guatemala City, Guatemala	46.22	15.31	31.45	42.28	33.91	25.36
377	Suva, Fiji	46.19	17.66	32.56	48.89	37.26	32.92
378	Bali, Indonesia	46.01	12.70	30.10	46.26	26.42	13.49
379	Johannesburg, South Africa	46.00	15.82	31.58	35.81	42.29	71.19
380	Ostrava, Czech Republic	45.77	12.80	30.02	41.57	30.67	59.64
381	Budapest, Hungary	45.39	16.98	31.81	37.15	37.21	50.79
382	Gdansk, Poland	44.78	24.14	34.92	35.07	35.89	42.40
383	Pretoria, South Africa	44.70	12.65	29.39	35.04	36.90	75.29
384	Petaling Jaya, Malaysia	44.24	15.43	30.47	46.92	25.66	56.14
385	Davao, Philippines	44.10	9.94	27.78	45.32	21.50	17.21
386	Quito, Ecuador	43.95	13.28	29.30	40.73	32.35	28.61
387	Sofia, Bulgaria	43.94	14.10	29.68	37.22	36.87	47.09
388	Gdynia, Poland	43.83	19.44	32.18	34.49	34.50	41.30
389	Manila, Philippines	43.58	25.69	35.04	41.97	23.20	18.00
390	Wroclaw, Poland	43.55	22.35	33.42	34.56	37.64	45.25
391	Poznan, Poland	43.42	19.87	32.17	35.05	36.34	41.61
392	Guangzhou, China	43.41	19.14	31.82	46.73	27.51	64.87
393	Jakarta, Indonesia	43.38	18.05	31.28	44.39	23.48	23.94
394	Quezon City, Philippines	43.33	10.79	27.78	42.19	19.03	23.77
395	Krakow (Cracow), Poland	43.04	20.48	32.26	34.25	36.71	46.94
396	Santo Domingo, Dominican Republic	42.90	11.29	27.80	37.56	34.18	22.85
397	Bucharest, Romania	42.84	14.94	29.51	35.72	40.06	48.35
398	Gaborone, Botswana	42.84	11.62	27.92	35.82	48.29	60.12
399	Cebu, Philippines	42.80	14.27	29.17	43.37	23.90	21.42
400	Podgorica, Montenegro	42.64	12.01	28.01	33.77	32.42	34.80
401	Belgrade, Serbia	42.63	12.58	28.27	31.23	36.60	36.00
402	Johor Bahru, Malaysia	42.60	9.22	26.65	48.06	22.73	55.09
403	Guayaquil, Ecuador	42.45	12.87	28.31	36.90	29.43	31.82
404	Cape Town, South Africa	42.24	23.43	33.26	36.26	37.40	66.96
405	Hangzhou, China	42.19	17.66	30.47	46.26	26.22	63.71
406	Accra, Ghana	42.18	21.24	32.18	43.66	31.65	17.58
407	Tirana, Albania	42.12	11.23	27.37	34.37	31.59	27.43
408	Kuala Lumpur, Malaysia	42.05	14.41	28.84	42.29	24.98	61.95
409	Marrakech, Morocco	41.73	10.03	26.58	33.27	38.38	30.35
410	Santa Cruz, Bolivia	41.49	12.59	27.68	35.70	29.31	40.46
411	Moscow, Russia	41.46	26.46	34.29	31.94	42.94	46.47
412	Debrecen, Hungary	41.34	12.22	27.43	34.69	34.14	46.99
413	Varna, Bulgaria	41.33	8.75	25.76	35.99	32.72	41.42
414	Lodz, Poland	41.31	15.79	29.12	32.26	32.84	45.18
415	Cluj-Napoca, Romania	41.24	14.76	28.59	35.74	38.81	50.37
416	Szeged, Hungary	41.16	9.94	26.25	35.80	30.14	50.29
417	Windhoek, Namibia	41.08	16.25	29.22	38.90	34.06	58.94
418	Plovdiv, Bulgaria	41.05	9.43	25.94	35.63	32.60	39.61
419	Kota Kinabalu, Malaysia	40.99	10.07	26.21	47.14	20.86	45.35
420	Constanta, Romania	40.96	9.46	25.91	32.33	42.20	38.38
421	Banja Luka, Bosnia And Herzegovina	40.92	8.58	25.47	34.84	27.85	34.45
422	Yangon, Myanmar	40.79	26.53	33.98	42.58	25.83	10.88
423	Mexico City, Mexico	40.52	19.42	30.44	36.09	40.97	38.15
424	Penang, Malaysia	40.48	10.30	26.06	42.61	22.00	62.68
425	Brasov, Romania	40.38	11.92	26.79	35.67	34.66	41.41
426	Sarajevo, Bosnia And Herzegovina	40.34	8.80	25.27	33.18	27.33	52.98
427	Lublin, Poland	40.21	15.45	28.38	30.40	32.67	48.15
428	Tangier, Morocco	40.18	12.75	27.07	35.14	29.70	27.29
429	Burgas, Bulgaria	40.07	8.06	24.78	33.77	33.86	32.95
430	Monterrey, Mexico	39.97	13.68	27.41	37.90	36.45	46.63
431	Tehran, Iran	39.97	23.76	32.22	33.97	30.06	15.54
432	Szczecin, Poland	39.87	14.50	27.75	32.59	30.58	48.46
433	Durban, South Africa	39.86	12.89	26.97	32.35	33.34	64.51
434	Casablanca, Morocco	39.81	13.95	27.46	34.37	30.54	30.74
435	Novi Sad, Serbia	39.79	10.29	25.70	30.28	30.90	38.92
436	Katowice, Poland	39.68	15.17	27.97	31.28	30.21	46.80
437	Bialystok, Poland	39.51	11.54	26.15	31.07	28.68	44.89
438	Rzeszow, Poland	39.25	12.23	26.34	31.75	32.25	49.95
439	Buenos Aires, Argentina	39.24	10.58	25.55	29.91	35.18	35.29
440	Vladivostok, Russia	39.21	13.92	27.13	34.74	34.68	30.26
441	Lima, Peru	39.21	15.79	28.02	36.88	26.69	27.12
442	Sibiu, Romania	39.03	10.10	25.21	35.27	32.72	45.81
443	Iasi, Romania	39.02	10.97	25.62	33.79	30.52	43.09
444	Ho Chi Minh City, Vietnam	38.98	19.56	29.70	38.81	20.25	26.55
445	La Paz, Bolivia	38.80	11.58	25.79	34.63	27.18	33.05
446	Nairobi, Kenya	38.51	12.29	25.98	35.39	32.76	25.44
447	Oradea, Romania	38.28	8.85	24.22	32.99	29.84	42.75
448	Timisoara, Romania	38.27	11.54	25.50	33.63	31.10	62.72
449	Rabat, Morocco	37.95	12.84	25.96	33.79	26.49	34.30
450	Da Nang, Vietnam	37.92	13.88	26.43	38.70	19.33	18.99
451	Ploiesti, Romania	37.81	9.12	24.10	31.68	33.74	48.86
452	Tijuana, Mexico	37.76	14.20	26.50	35.23	31.20	37.30
453	Maputo, Mozambique	37.62	16.12	27.35	29.50	34.67	16.41
454	Hanoi, Vietnam	37.54	11.73	25.21	37.95	18.72	29.72
455	Surabaya, Indonesia	37.53	10.86	24.79	43.16	18.07	21.08
456	Cancun, Mexico	37.53	13.10	25.86	34.83	31.58	33.93
457	Arad, Romania	37.44	6.69	22.75	34.35	25.64	45.24
458	Skopje, North Macedonia	37.41	9.06	23.87	31.01	25.88	32.82
459	Bandung, Indonesia	37.16	8.42	23.43	39.36	17.59	23.39
460	Craiova, Romania	36.93	8.74	23.46	32.90	27.26	46.00
461	Merida, Mexico	36.81	9.87	23.94	37.35	28.45	26.71
462	Agadir, Morocco	36.63	8.24	23.07	33.19	27.33	25.51
463	Sao Paulo, Brazil	36.55	13.89	25.73	29.31	30.57	32.87
464	Saint Petersburg, Russia	36.35	16.24	26.74	30.25	32.85	39.15
465	Queretaro, Mexico	36.35	10.79	24.14	35.74	29.33	38.21
466	Puerto Vallarta, Mexico	36.27	18.36	27.71	36.63	33.77	25.12
467	Dar es Salaam, Tanzania	35.82	19.37	27.96	30.90	21.20	14.50
468	Aguascalientes, Mexico	35.75	6.73	21.88	35.07	32.82	38.41
469	Lagos, Nigeria	35.70	37.80	36.70	36.48	27.06	9.82
470	Erbil (Irbil), Iraq	35.58	10.58	23.64	29.56	26.81	38.42
471	Cuenca, Ecuador	35.34	12.28	24.32	32.67	24.02	30.10
472	Guadalajara, Mexico	35.00	13.68	24.81	33.91	30.55	36.89
473	Kampala, Uganda	34.99	9.29	22.71	30.99	26.06	14.04
474	Dhaka, Bangladesh	34.95	5.84	21.04	32.15	21.46	23.06
475	Nis, Serbia	34.92	6.69	21.43	27.76	25.87	35.16
476	Campinas, Brazil	34.83	7.73	21.88	27.34	25.13	35.97
477	Yogyakarta, Indonesia	34.64	11.49	23.58	39.62	15.20	10.17
478	Istanbul, Turkey	34.63	9.04	22.40	29.75	23.99	33.47
479	Colombo, Sri Lanka	34.32	13.11	24.19	39.12	19.79	20.02
480	Kigali, Rwanda	34.30	16.56	25.83	28.91	29.88	21.20
481	Damascus, Syria	34.18	9.62	22.44	32.38	28.68	7.54
482	Chisinau, Moldova	34.08	9.81	22.49	26.98	27.72	27.47
483	Brasilia, Brazil	33.93	10.92	22.94	26.45	26.09	48.94
484	Al Marsa, Tunisia	33.90	10.18	22.57	31.65	20.69	23.58
485	Nizhny Novgorod, Russia	33.84	10.46	22.67	27.15	32.16	32.46
486	Baghdad, Iraq	33.54	11.49	23.01	27.13	25.59	36.82
487	Tyumen, Russia	33.49	8.13	21.37	28.34	35.10	36.11
488	Rio de Janeiro, Brazil	33.45	11.18	22.81	26.29	26.55	23.67
489	Ulaanbaatar, Mongolia	33.41	11.11	22.75	33.11	24.03	27.22
490	Samara, Russia	33.40	9.09	21.79	27.22	33.85	29.45
491	Puebla, Mexico	33.40	7.91	21.22	31.57	23.78	37.54
492	Bogota, Colombia	33.34	14.18	24.19	27.99	23.68	22.70
493	Zapopan, Mexico	33.32	13.01	23.62	32.25	28.38	44.91
494	Irkutsk, Russia	33.32	9.32	21.85	29.09	33.49	32.16
495	Gurgaon, India	33.07	10.03	22.06	32.66	25.84	74.93
496	Rostov-na-donu, Russia	32.67	8.38	21.07	26.23	33.67	32.46
497	Baku, Azerbaijan	32.64	10.12	21.88	27.37	31.28	26.64
498	Kaliningrad, Russia	32.53	7.55	20.59	27.40	27.08	31.90
499	Florianopolis, Brazil	32.51	8.91	21.24	24.47	28.05	31.56
500	Chittagong, Bangladesh	32.47	4.17	18.95	31.89	19.71	24.91
501	Cairo, Egypt	32.37	7.67	20.57	26.96	30.84	21.95
502	Krasnoyarsk, Russia	32.37	8.69	21.06	28.82	30.41	35.04
503	Astana (Nur-Sultan), Kazakhstan	32.30	10.08	21.68	26.58	31.31	40.87
504	Belo Horizonte, Brazil	32.09	8.14	20.65	24.97	22.71	23.60
505	Minsk, Belarus	32.06	11.27	22.13	27.75	32.75	33.31
506	Yerevan, Armenia	31.97	10.33	21.63	24.75	27.93	27.12
507	Tunis, Tunisia	31.96	6.99	20.03	30.15	17.71	26.95
508	Novosibirsk, Russia	31.93	9.88	21.39	28.40	26.80	34.90
509	Kiev (Kyiv), Ukraine	31.92	16.46	24.54	26.83	25.78	37.94
510	Porto Alegre, Brazil	31.90	8.30	20.63	25.37	22.67	30.18
511	Yekaterinburg, Russia	31.88	9.52	21.20	25.67	28.42	44.67
512	Medellin, Colombia	31.83	9.87	21.34	28.09	25.06	27.59
513	Barranquilla, Colombia	31.80	8.73	20.78	27.08	19.95	27.33
514	Ankara, Turkey	31.73	5.80	19.34	28.41	21.22	39.72
515	Fortaleza, Brazil	31.72	6.47	19.66	24.31	19.22	25.13
516	Ufa, Russia	31.68	9.06	20.87	25.62	30.40	32.93
517	Perm, Russia	31.66	7.60	20.17	26.27	28.38	36.85
518	Recife, Brazil	31.66	7.66	20.19	24.47	22.13	21.26
519	Voronezh, Russia	31.56	6.95	19.80	26.60	30.13	31.91
520	Bursa, Turkey	31.43	5.21	18.91	29.41	18.89	33.52
521	Asuncion, Paraguay	31.40	10.18	21.26	24.62	25.23	28.50
522	Omsk, Russia	31.36	7.31	19.87	28.58	26.88	25.77
523	Izmir, Turkey	31.22	6.12	19.23	28.20	19.50	35.47
524	Kathmandu, Nepal	31.19	5.16	18.76	29.06	23.13	20.59
525	Krasnodar, Russia	31.15	8.57	20.36	25.81	29.20	36.52
526	Odessa (Odesa), Ukraine	31.05	10.17	21.07	25.31	26.10	32.49
527	Kazan, Russia	30.84	9.21	20.51	26.63	28.09	38.55
528	Tomsk, Russia	30.83	7.64	19.75	28.12	23.11	36.86
529	Curitiba, Brazil	30.73	7.40	19.58	24.76	23.79	27.40
530	Volgograd, Russia	30.58	7.04	19.33	24.07	33.78	30.90
531	Saratov, Russia	30.54	6.01	18.82	25.45	28.70	28.94
532	Chandigarh, India	30.46	6.52	19.02	33.62	18.92	44.85
533	Algiers, Algeria	30.46	7.37	19.43	30.98	16.86	23.72
534	Chelyabinsk, Russia	30.39	6.76	19.10	26.23	24.13	34.85
535	Lusaka, Zambia	30.25	7.45	19.35	30.72	17.40	62.55
536	Natal, Brazil	30.24	5.94	18.63	26.01	20.17	21.49
537	Mumbai, India	30.21	21.41	26.01	30.86	25.83	41.38
538	Kharkiv, Ukraine	30.15	11.07	21.04	24.26	23.29	29.85
539	Almaty, Kazakhstan	29.98	10.38	20.62	26.52	25.38	34.62
540	Goiania, Brazil	29.93	5.80	18.40	23.34	19.45	26.68
541	Antalya, Turkey	29.52	5.16	17.88	27.88	19.42	35.54
542	Cali, Colombia	29.33	7.44	18.87	24.50	20.73	31.43
543	Goa, India	29.29	7.62	18.94	29.44	25.46	35.94
544	Izhevsk, Russia	29.18	6.15	18.18	26.29	25.02	33.29
545	Salvador, Brazil	29.15	7.18	18.66	22.56	19.58	24.65
546	Dnipro, Ukraine	29.12	8.65	19.34	22.87	24.37	31.80
547	Lviv, Ukraine	29.11	10.07	20.02	26.04	22.42	29.25
548	Mykolaiv, Ukraine	29.10	5.97	18.05	23.42	28.19	25.67
549	Vinnytsia, Ukraine	28.81	7.24	18.50	25.54	21.03	29.89
550	Tbilisi, Georgia	28.75	11.10	20.31	24.26	25.89	27.19
551	Alexandria, Egypt	28.71	5.77	17.75	27.01	22.04	17.49
552	Noida, India	28.62	6.34	17.98	27.11	22.91	55.12
553	Pristina, Kosovo (Disputed Territory)	28.57	9.39	19.41	25.55	21.87	47.34
554	Bucaramanga, Colombia	28.56	7.06	18.29	21.10	18.77	28.56
555	Tashkent, Uzbekistan	28.55	8.79	19.11	25.91	21.37	22.21
556	Bangalore, India	28.17	8.92	18.97	29.74	19.67	68.18
557	Ivano-Frankivsk, Ukraine	28.17	5.44	17.31	24.37	20.32	23.73
558	Zaporizhzhya, Ukraine	28.12	4.57	16.87	24.14	17.57	29.52
559	Delhi, India	28.03	8.34	18.62	26.74	24.27	41.99
560	Batumi, Ajara, Georgia	27.87	7.98	18.37	26.30	21.99	20.27
561	Thane, India	27.62	8.43	18.45	27.83	23.32	53.12
562	Ranchi, India	27.59	4.02	16.33	31.11	19.91	52.13
563	Kabul, Afghanistan	27.52	4.35	16.45	19.04	20.16	26.50
564	Guwahati, India	27.48	3.94	16.23	30.92	18.51	40.65
565	Navi Mumbai, India	27.11	10.19	19.03	28.34	22.86	77.17
566	Hyderabad, India	26.97	6.93	17.39	28.93	18.21	48.01
567	Ahmedabad, India	26.74	6.18	16.92	29.63	17.11	36.01
568	Ghaziabad, India	26.65	4.99	16.30	27.58	18.31	57.67
569	Pune, India	26.65	7.64	17.57	27.97	21.15	48.37
570	Kolkata, India	26.64	6.12	16.83	29.24	19.57	38.32
571	Sumy, Ukraine	26.61	4.48	16.04	23.73	17.89	32.93
572	Ternopil, Ukraine	26.60	5.40	16.48	24.00	16.30	22.31
573	Chennai, India	26.24	6.65	16.88	28.49	17.60	47.64
574	Patna, India	24.93	3.61	14.75	26.15	17.33	39.10
575	Surat, India	24.90	4.56	15.18	26.41	17.85	41.18
576	Indore, India	24.89	4.18	14.99	25.64	16.27	38.54
577	Vadodara, India	24.87	4.21	15.00	26.75	16.89	44.85
578	Jaipur, India	24.65	4.84	15.19	24.46	16.28	46.94
579	Lucknow (Lakhnau), India	24.58	4.97	15.21	24.45	17.43	52.79
580	Nagpur, India	24.50	4.62	15.00	26.17	18.65	54.03
581	Coimbatore, India	24.43	5.17	15.23	27.97	14.10	36.41
582	Rawalpindi, Pakistan	23.99	5.26	15.05	19.72	19.40	19.69
583	Madurai, India	23.95	3.55	14.21	27.23	12.18	35.41
584	Mysore, India	23.93	4.71	14.75	26.75	13.73	46.16
585	Vijayawada, India	23.74	5.28	14.92	25.37	13.79	35.22
586	Kochi, India	23.61	4.80	14.62	26.98	13.20	46.85
587	Islamabad, Pakistan	23.60	6.51	15.43	20.36	19.17	28.38
588	Rajkot, India	23.59	4.53	14.49	24.36	16.55	47.00
589	Bishkek, Kyrgyzstan	23.36	7.45	15.76	20.90	20.25	21.71
590	Bhopal, India	23.16	3.98	14.00	23.60	19.11	35.13
591	Kozhikode (Calicut), India	23.03	4.68	14.26	24.61	12.03	45.08
592	Raipur, India	22.83	5.84	14.72	22.16	17.35	49.65
593	Bhubaneswar, India	22.66	3.52	13.52	25.53	13.08	57.70
594	Visakhapatnam, India	22.57	4.06	13.72	26.36	12.61	46.71
595	Lahore, Pakistan	22.52	4.74	14.02	19.84	17.81	25.58
596	Karachi, Pakistan	22.18	4.45	13.71	19.46	17.07	27.68
597	Peshawar, Pakistan	21.46	2.52	12.41	17.85	19.07	21.07
598	Thiruvananthapuram, India	20.88	4.29	12.95	22.11	13.00	65.13
